rnfl_mean,rnfl_sd,onas_sigma
94.71992259801446,9.679613141657276,0.991346485888915
