rnfl_mean,rnfl_sd,onas_sigma
94.01546155257846,9.95551200802935,0.9009415289656024
